<?xml version='1.0' encoding='UTF-8' standalone='yes'?>
<WORKSPACE>
 <FRAME activewindow="0">
  <PLACEMENT>2c0000000200000003000000ffffffffffffffffffffffffffffffff00000000000000008e040000ee020000</PLACEMENT>
  <WINDOW type="default" module="ISIS">
   <editor metric="0" gridmajor="2540000" mode="00000000" zoom="0" scale="189" flipped="0" gridminor="254000" gridmode="32" snapidx="2" snap="254000" xcursor="0" orgmode="0" snaprange="127000">
    <world y1="-8890000" x1="-12700000" y2="8890000" x2="12700000"/>
    <centre x="-3556000" y="2794000"/>
    <origin x="0" y="0"/>
   </editor>
  </WINDOW>
 </FRAME>
 <MODULE name="ARES">
  <editor metric="0" gridmajor="0" mode="00000000" zoom="10" scale="10" flipped="0" gridminor="0" gridmode="32" snapidx="3" snap="0" xcursor="0" orgmode="0" snaprange="0">
   <world y1="-12700000" x1="-15240000" y2="12700000" x2="15240000"/>
   <centre x="0" y="0"/>
   <origin x="0" y="0"/>
  </editor>
 </MODULE>
 <MODULE name="ISIS">
  <editor metric="0" gridmajor="2540000" mode="00000000" zoom="0" scale="189" flipped="0" gridminor="254000" gridmode="32" snapidx="2" snap="254000" xcursor="0" orgmode="0" snaprange="127000">
   <world y1="-8890000" x1="-12700000" y2="8890000" x2="12700000"/>
   <centre x="-3556000" y="2794000"/>
   <origin x="0" y="0"/>
  </editor>
 </MODULE>
 <MODULE name="VSMDEBUG">
  <PWI>
   <POPUP w="800" x="38" flags="00000002" y="129" h="200" pid="0" iid="-1">
    <PROPERTIES>
     <ITEM name="Message Column Width">663</ITEM>
     <ITEM name="ShowGrid">No</ITEM>
     <ITEM name="Source Column Width">100</ITEM>
     <ITEM name="Version">100</ITEM>
    </PROPERTIES>
   </POPUP>
   <POPUP w="350" x="58" flags="00000032" y="149" h="200" pid="1" iid="-1">
    <PROPERTIES>
     <ITEM name="Address Column Width">83</ITEM>
     <ITEM name="AutoResize">No</ITEM>
     <ITEM name="Gridlines">Yes</ITEM>
     <ITEM name="Name Column Width">83</ITEM>
     <ITEM name="ShowAddresses">Yes</ITEM>
     <ITEM name="ShowPreviousValues">No</ITEM>
     <ITEM name="ShowTypes">No</ITEM>
     <ITEM name="ShowWatchPoint">Yes</ITEM>
     <ITEM name="TriggerMode">0</ITEM>
     <ITEM name="Value Column Width">83</ITEM>
     <ITEM name="Version">100</ITEM>
     <ITEM name="Watch Expression Column Width">83</ITEM>
     <ITEM name="nItems">0</ITEM>
    </PROPERTIES>
   </POPUP>
   <POPUP w="30" x="78" flags="00000008" y="169" h="16" pid="3" iid="2">
    <PROPERTIES/>
   </POPUP>
   <POPUP w="8" x="98" flags="0000000a" y="189" h="1" pid="10" iid="2">
    <PROPERTIES>
     <ITEM name="DataType">2</ITEM>
     <ITEM name="DispChars">Yes</ITEM>
     <ITEM name="DispFormat">2</ITEM>
     <ITEM name="ShowChanges">Yes</ITEM>
     <ITEM name="ShowToolTips">Yes</ITEM>
     <ITEM name="TopLineAddress">00000000</ITEM>
    </PROPERTIES>
   </POPUP>
   <POPUP w="8" x="118" flags="0000000a" y="209" h="32" pid="6" iid="2">
    <PROPERTIES>
     <ITEM name="DataType">2</ITEM>
     <ITEM name="DispChars">Yes</ITEM>
     <ITEM name="DispFormat">2</ITEM>
     <ITEM name="ShowChanges">Yes</ITEM>
     <ITEM name="ShowToolTips">Yes</ITEM>
     <ITEM name="TopLineAddress">00000000</ITEM>
    </PROPERTIES>
   </POPUP>
   <POPUP w="16" x="138" flags="0000000a" y="229" h="32" pid="7" iid="2">
    <PROPERTIES>
     <ITEM name="DataType">2</ITEM>
     <ITEM name="DispChars">Yes</ITEM>
     <ITEM name="DispFormat">2</ITEM>
     <ITEM name="ShowChanges">Yes</ITEM>
     <ITEM name="ShowToolTips">Yes</ITEM>
     <ITEM name="TopLineAddress">00000000</ITEM>
    </PROPERTIES>
   </POPUP>
   <POPUP w="16" x="158" flags="00000000" y="249" h="32" pid="14" iid="2">
    <PROPERTIES>
     <ITEM name="DataType">2</ITEM>
     <ITEM name="DispChars">Yes</ITEM>
     <ITEM name="DispFormat">2</ITEM>
     <ITEM name="ShowChanges">Yes</ITEM>
     <ITEM name="ShowToolTips">Yes</ITEM>
     <ITEM name="TopLineAddress">00000000</ITEM>
    </PROPERTIES>
   </POPUP>
   <POPUP w="16" x="178" flags="0000000a" y="269" h="32" pid="4" iid="2">
    <PROPERTIES>
     <ITEM name="DataType">2</ITEM>
     <ITEM name="DispChars">Yes</ITEM>
     <ITEM name="DispFormat">2</ITEM>
     <ITEM name="ShowChanges">Yes</ITEM>
     <ITEM name="ShowToolTips">Yes</ITEM>
     <ITEM name="TopLineAddress">00000060</ITEM>
    </PROPERTIES>
   </POPUP>
   <POPUP w="16" x="198" flags="0000000a" y="289" h="8" pid="13" iid="2">
    <PROPERTIES>
     <ITEM name="DataType">2</ITEM>
     <ITEM name="DispChars">Yes</ITEM>
     <ITEM name="DispFormat">2</ITEM>
     <ITEM name="ShowChanges">Yes</ITEM>
     <ITEM name="ShowToolTips">Yes</ITEM>
     <ITEM name="TopLineAddress">00000020</ITEM>
    </PROPERTIES>
   </POPUP>
  </PWI>
 </MODULE>
</WORKSPACE>
